epoch,steps,cosine_pearson,cosine_spearman
1.0,66,0.7064906096282153,0.6955097114483519
2.0,132,0.750621860698866,0.7420243705192237
3.0,198,0.7649351503803209,0.7661037658849159
4.0,264,0.7700085357450329,0.7774926399428616
